UniqueId,Product,Units,ProjType,StartDate,BegCum,Qi,NFactor,Decl,DeclMin,EndDate,Qf,Volume,EndCum,SolveFor
WELL_001,Oil,bbl,Arps,2020-01-01,0,161.2273068270985,0.9900000000000001,47.002576489769964,6,2075-01-01,,,,Qf;Vol
WELL_001,Gas,Mcf,Arps,2020-01-01,0,556.8308410515353,0.9900000000000013,67.57151850050977,6,2075-01-01,,,,Qf;Vol
WELL_001,Water,bbl,Arps,2020-01-01,0,262.02623106411846,0.9900000000000001,29.968285714115172,6,2075-01-01,,,,Qf;Vol
WELL_002,Oil,bbl,Arps,2020-01-01,0,213.42466457893528,0.9900000000000001,39.147013304738365,6,2075-01-01,,,,Qf;Vol
WELL_002,Gas,Mcf,Arps,2020-01-01,0,853.6966271444821,0.9900000000000001,39.14681800597858,6,2075-01-01,,,,Qf;Vol
WELL_002,Water,bbl,Arps,2020-01-01,0,313.07964805416873,0.9900000000004194,24.750536678413482,6,2075-01-01,,,,Qf;Vol
WELL_003,Oil,bbl,Arps,2020-02-01,0,127.15871136434697,0.9900000000000141,55.080209273801685,6,2075-01-01,,,,Qf;Vol
WELL_003,Gas,Mcf,Arps,2020-02-01,0,416.3849812699486,0.9900000000000124,83.6454453753242,6,2075-01-01,,,,Qf;Vol
WELL_003,Water,bbl,Arps,2020-02-01,0,207.81177766180275,0.9900000000000001,39.147013304738365,6,2075-01-01,,,,Qf;Vol
